{
  "processedEvents": {
    "Ev0AFGGA0555:1771509012.704409": 1771509013622,
    "Ev0AFY0HM6KC:1771509137.001729": 1771509138429,
    "Ev0AG1JC9R44:1771509154.889569": 1771509157302,
    "Ev0AFRKY6XBM:1771509586.729739": 1771509587963,
    "Ev0AGSB1LU6L:1771509744.597959": 1771509745777,
    "Ev0AGSCJSL0Y:1771510145.925769": 1771510146694,
    "Ev0AFW37MLVC:1771510307.856229": 1771510309010,
    "Ev0AFRQ0PQ6P:1771510614.273389": 1771510615352,
    "Ev0AG1QXJ1TN:1771510895.846489": 1771510896804,
    "Ev0AFUQ2EDU5:1771510910.073699": 1771510911194,
    "Ev0AFRRC2B51:1771510978.408079": 1771510979954,
    "Ev0AG1RCEZD2:1771511021.781449": 1771511024005,
    "Ev0AG1SFS3N0:1771511311.997719": 1771511314792,
    "Ev0AFRSZ8PMH:1771511401.346359": 1771511403996,
    "Ev0AFGRD8XF1:1771511419.869599": 1771511421512,
    "Ev0AGB7SSBK3:1771511671.501649": 1771511673696,
    "Ev0AGB7YNJ8Z:1771511714.289519": 1771511715696,
    "Ev0AFUU9CVD3:1771511979.623019": 1771511981107,
    "Ev0AFGTL3D7H:1771511991.662739": 1771511992555,
    "Ev0AFYBY90EN:1771512128.345609": 1771512129679,
    "Ev0AFGU5DRUP:1771512143.459219": 1771512144620,
    "Ev0AFGUBP5M5:1771512196.332769": 1771512197822,
    "Ev0AG20MN928:1771512215.348349": 1771512216353,
    "Ev0AFWD9E59C:1771512933.782679": 1771512935208,
    "Ev0AGSPB1KC0:1771512975.341849": 1771512976183,
    "Ev0AGSPEFFUG:1771512990.934059": 1771512992996,
    "Ev0AFH21DX9V:1771513005.505499": 1771513006904,
    "Ev0AFH22QY0P:1771513014.759449": 1771513016129,
    "Ev0AG270VC84:1771513722.026929": 1771513723745,
    "Ev0AFTUJ9JJF:1771526337.424029": 1771526339029,
    "Ev0AFWTK8XRT:1771526342.948389": 1771526347432,
    "Ev0AFNCUD1LP:1771568462.017499": 1771568465646,
    "Ev0AFNJTMW3Z:1771571261.922169": 1771571265385,
    "Ev0AGH06D6D7:1771571300.075599": 1771571304477,
    "Ev0AGH06NKNV:1771571306.367259": 1771571309879,
    "Ev0AGH1BEDUZ:1771571843.018259": 1771571851264,
    "Ev0AFNL3GV39:1771571858.790699": 1771571861967,
    "Ev0AG7NFPMHS:1771572200.207789": 1771572203591,
    "Ev0AFNMGV487:1771572500.926199": 1771572504828,
    "Ev0AFXP8F6QK:1771572507.845649": 1771572510692,
    "Ev0AFXPJEH5Z:1771572615.741359": 1771572619837,
    "Ev0AGH33LM0R:1771572627.136039": 1771572630190,
    "Ev0AG0NPNG3F:1771572670.402759": 1771572674463,
    "Ev0AG0NPKQ1K:1771572677.438379": 1771572680437,
    "Ev0AGNBXRZS5:1771622985.214909": 1771622987756,
    "Ev0AFU1B1UUX:1771623012.074909": 1771623013921,
    "Ev0AFU1NG1GF:1771623120.058479": 1771623121375,
    "Ev0AG9FM6WCS:1771623383.415269": 1771623384481,
    "Ev0AG9JZH0MQ:1771624684.160929": 1771624686580,
    "Ev0AGD8AB2R2:1771624975.637189": 1771624977940,
    "Ev0AGNM2K3DX:1771626509.881699": 1771626511771,
    "Ev0AG9Q401EW:1771626700.160839": 1771626702147,
    "Ev0AG7NR4EUW:1771626926.362329": 1771626929154
  },
  "lastThreadCallAtMs": {
    "D0AC3GSJXJ6:1771509012.704409": 1771509013634,
    "D0AC3GSJXJ6:1771509137.001729": 1771509138430,
    "D0AC3GSJXJ6:1771509586.729739": 1771509587963,
    "D0AC3GSJXJ6:1771509744.597959": 1771509745778,
    "D0AC3GSJXJ6:1771510145.925769": 1771510146695,
    "D0AC3GSJXJ6:1771510307.856229": 1771510309011,
    "D0AC3GSJXJ6:1771510614.273389": 1771510615353,
    "D0AC3GSJXJ6:1771510895.846489": 1771510896805,
    "D0AC3GSJXJ6:1771510897.432409": 1771510911195,
    "D0AC3GSJXJ6:1771510915.147589": 1771510979955,
    "C0ABQLYUE0K:1771511311.997719": 1771511314793,
    "D0AC3GSJXJ6:1771511401.346359": 1771511403997,
    "C0ABQLYUE0K:1771511419.869599": 1771511421513,
    "C0ABQLYUE0K:1771511671.501649": 1771511673697,
    "D0AC3GSJXJ6:1771511714.289519": 1771511715697,
    "C0ABQLYUE0K:1771511979.623019": 1771512144623,
    "D0AC3GSJXJ6:1771512196.332769": 1771512197823,
    "D0AC3GSJXJ6:1771511717.094099": 1771512216354,
    "D0AC3GSJXJ6:1771512975.341849": 1771512976184,
    "D0AC3GSJXJ6:1771513014.759449": 1771513016130,
    "D0AC3GSJXJ6:1771513006.560999": 1771513723746,
    "C0ABQLYUE0K:1771568462.017499": 1771568465875,
    "C0ABQLYUE0K:1771571113.823129": 1771571265646,
    "C0ABQLYUE0K:1771572200.207789": 1771572203840,
    "C0ABQLYUE0K:1771622985.214909": 1771623384739,
    "C0ABQLYUE0K:1771624684.160929": 1771624686838,
    "C0ABQLYUE0K:1771624975.637189": 1771624978162,
    "C0ABQLYUE0K:1771626509.881699": 1771626512006,
    "C0ABQLYUE0K:1771626700.160839": 1771626702362,
    "C0ABQLYUE0K:1771626926.362329": 1771626929406
  },
  "activeThreads": {
    "C0ABQLYUE0K:1771511979.623019": 1771512144622,
    "C0ABQLYUE0K:1771568462.017499": 1771568465647,
    "C0ABQLYUE0K:1771571113.823129": 1771571861969,
    "C0ABQLYUE0K:1771572200.207789": 1771572203592,
    "C0ABQLYUE0K:1771572500.926199": 1771572510694,
    "C0ABQLYUE0K:1771572615.741359": 1771572630192,
    "C0ABQLYUE0K:1771572670.402759": 1771572680438,
    "C0ABQLYUE0K:1771622985.214909": 1771623384482,
    "C0ABQLYUE0K:1771624684.160929": 1771624686582,
    "C0ABQLYUE0K:1771624975.637189": 1771624977941,
    "C0ABQLYUE0K:1771626509.881699": 1771626511772,
    "C0ABQLYUE0K:1771626700.160839": 1771626702148,
    "C0ABQLYUE0K:1771626926.362329": 1771626929160
  },
  "pendingTaskByThread": {
    "D0AC3GSJXJ6:1771512933.782679": {
      "id": "task_1771512935210",
      "title": "Create a test task to see if you working correct",
      "owner": "engineer",
      "priority": "med",
      "status": "backlog",
      "created_at": "2026-02-19T14:55:35.209Z",
      "thread_ts": "1771512933.782679",
      "summary": "create a test task to see if you working correct",
      "context": "Requested by Architect discussion; convert this direction into executable implementation work.",
      "scope": [
        "Define implementation approach and interfaces",
        "Implement minimal working version",
        "Add validation/tests for core flow"
      ],
      "definition_of_done": [
        "Core implementation completed",
        "Behavior validated with local test",
        "Task/result documented for handoff"
      ]
    },
    "D0AC3GSJXJ6:1771512934.840579": {
      "id": "task_1771512992997",
      "title": "Yes, create it",
      "owner": "engineer",
      "priority": "med",
      "status": "backlog",
      "created_at": "2026-02-19T14:56:32.997Z",
      "thread_ts": "1771512934.840579",
      "summary": "yes, create it",
      "context": "Requested by Architect discussion; convert this direction into executable implementation work.",
      "scope": [
        "Define implementation approach and interfaces",
        "Implement minimal working version",
        "Add validation/tests for core flow"
      ],
      "definition_of_done": [
        "Core implementation completed",
        "Behavior validated with local test",
        "Task/result documented for handoff"
      ]
    },
    "D0AC3GSJXJ6:1771513005.505499": {
      "id": "task_1771513006905",
      "title": "Create",
      "owner": "engineer",
      "priority": "med",
      "status": "backlog",
      "created_at": "2026-02-19T14:56:46.905Z",
      "thread_ts": "1771513005.505499",
      "summary": "create",
      "context": "Requested by Architect discussion; convert this direction into executable implementation work.",
      "scope": [
        "Define implementation approach and interfaces",
        "Implement minimal working version",
        "Add validation/tests for core flow"
      ],
      "definition_of_done": [
        "Core implementation completed",
        "Behavior validated with local test",
        "Task/result documented for handoff"
      ]
    }
  }
}